丢失率,BaselinePolling,CPTAlgo,HPVT,HPVTAlgo_A,IIPAlgo
0.00,1308.594,466.078,91.337,114.722,53.678
0.10,1307.617,465.076,83.516,105.796,51.967
0.20,1306.641,464.176,69.724,100.934,50.308
0.30,1305.664,463.148,58.917,90.302,49.76
0.40,1304.688,462.198,47.684,78.859,48.558
0.50,1303.711,461.195,38.407,69.83,48.899
0.60,1302.734,460.219,26.79,60.843,49.266
0.70,1301.758,459.191,18.871,50.991,49.928
0.80,1300.781,458.266,12.196,38.422,50.651
0.90,1299.805,457.263,4.553,25.002,51.829
1.00,1298.828,456.312,0.074,0.074,52.881
