missing_rate,mean_time,std_time,mean_bits,std_bits
0.1,6045.8835546875,45.16319681947194,429918.05,4143.229892817526
0.2,5395.3298828125,62.2197601232652,385091.7,6342.226324199448
0.30000000000000004,4711.5363671875,56.56686134823637,336278.65,6084.427882761561
0.4,4075.3767187500002,36.478725230133946,336278.65,3900.9879244676094
0.5,3416.4648046875,43.36045237702135,247302.35,4081.9041644672125
0.6,2751.7582421875,45.67525776689776,201219.15,4403.687525065902
0.7000000000000001,2099.8089453125003,28.75878818914719,155979.25,3098.828757942689
0.8,1431.8532421875,22.929524534964866,109573.25,2210.6247955820336
0.9,767.2406640625001,9.855478032931462,63269.7,1103.1172624598166
