missing_rate,aloha_threshold,mean_time,std_time,mean_bits,std_bits,mean_pruning,std_pruning,mean_aloha,std_aloha
0.2,16,6075.58515625,48.230459615273794,493653.1,5370.124423346462,0.1,0.31622776601683794,11147.2,105.19273316684479
0.2,32,5639.8324999999995,53.060093248865876,421885.1,5698.939091328017,0.0,0.0,10288.9,123.68908152657977
0.2,64,5400.93953125,51.69606658277008,381409.6,5816.394152164492,0.0,0.0,9849.8,113.86131915624378
0.2,128,5297.0112500000005,24.931296710985347,359723.3,2798.7545265707004,0.0,0.0,9698.8,61.57524755217088
0.2,256,5229.204921875,61.14934255689308,345628.2,7032.593860020638,0.0,0.0,9618.0,140.7922030669469
0.2,512,5168.3309375,32.75493002752196,333467.6,4131.610452757298,0.0,0.0,9547.0,74.30118886442307
0.5,16,4021.326171875,45.60908541861693,345241.9,4411.695654104488,4.7,3.093002855909879,7480.0,110.14939350213828
0.5,32,3633.4036718750003,42.4794673262391,276720.8,4776.636329282572,0.0,0.0,6763.7,98.76014715798401
0.5,64,3423.225625,35.974851377226024,239543.3,3429.413945721793,0.0,0.0,6384.0,87.14610974934244
0.5,128,3298.30953125,37.0007973301295,217005.7,3502.851601830207,0.0,0.0,6163.2,95.34825058116637
0.5,256,3228.052265625,30.80924186260494,204896.5,2740.6912043821753,0.0,0.0,6032.3,81.56394900798873
0.5,512,3194.886875,33.80253071095817,197188.4,3365.3394809769507,0.0,0.0,6008.3,89.3396142070619
0.8,16,1949.3984375,21.391897915822508,196076.3,2531.918378972311,185.5,10.0802336833583,3563.1,47.78760880767685
0.8,32,1647.01375,19.617104829547216,141552.6,2051.8988062551034,14.7,4.321779468896785,3139.1,47.33908415769021
0.8,64,1451.1928125,21.301504636342827,106663.9,1969.6646330445901,0.1,0.31622776601683794,2790.3,53.187404524003604
0.8,128,1347.1774218750002,24.981477509142,87084.0,2305.0711726779955,0.0,0.0,2611.7,64.82463523486524
0.8,256,1277.290625,28.908463729046755,75173.5,2416.220108167116,0.0,0.0,2487.6,80.19448581763936
0.8,512,1255.401953125,27.647343800113184,69997.1,2577.642137475429,0.0,0.0,2465.4,71.1246167730351
