algorithm,HPVT (Aggregated),HPVT (Aggregated),HPVT (Base),HPVT (Base)
,mean_bits,std_bits,mean_bits,std_bits
missing_rate,,,,
0.1,431284.05,5330.825061796131,522239.2,6762.574304290694
0.2,383555.35,3966.647428045631,463162.8,5011.7343946088395
0.30000000000000004,339061.45,4932.230908444022,410719.2,4493.49060893995
0.4,292525.85,3572.6797737537986,355637.65,4892.426416357605
0.5,246020.35,2924.2834889395026,298255.65,4190.72179783413
0.6,201530.2,3535.911564147733,244292.1,4738.022004570001
0.7000000000000001,155154.6,3174.9104156445783,187496.15,3973.7122280120707
0.8,109928.85,2507.1768832063294,132600.2,3323.5830158366575
0.9,63146.35,1413.3727587806268,76694.5,1965.9989425493775
