missing_rate,CPT,CPT,CR_MTI,CR_MTI,CTMTI,CTMTI,CUMI,CUMI,ECUMI,ECUMI,HPVT,HPVT,IIP,IIP
,,,,,,,,,,,,,,
,,,,,,,,,,,,,,
0.1,365.859375,15.600515355543633,1000.78125,0,18594.33594,289.1582650533503,19384.25781,7004.150001514573,6923.789063,3175.370332293802,4121.953125,4945.087733028182,15825,0
0.2,369.765625,14.633641101634527,1000.78125,0,18615.42969,224.3199293478201,13767.30469,2787.4107581720596,4618.90625,1138.089670576544,1852.226563,668.6969318340133,15825,0
0.30000000000000004,369.4921875,17.075884218816917,1000.78125,0,18425.39063,403.76958965175834,13375.03906,3184.7023918763075,4505.46875,1161.555080518408,1370.898438,249.35925740834767,15825,0
0.4,362.65625,21.186595132827936,1000.78125,0,18535.54688,322.28836393062926,12404.17969,2190.95556884996,4412.617188,1069.5318139139167,1564.21875,492.170504092519,15825,0
0.5,369.21875,17.17516004388008,1000.78125,0,18500.39063,488.7826373142613,12188.39844,1749.3108971866418,3851.367188,501.09472795587936,1327.5,314.16810135454097,15825,0
0.6,351.796875,17.351379308228676,1000.78125,0,18531.25,312.0252355750899,11851.28906,1735.8793609654924,3685.78125,611.9128160186667,1291.992188,209.35411371545752,15825,0
0.7000000000000001,355.390625,18.918683384508796,1000.78125,0,18602.34375,324.3225202514771,11182.57813,598.2496516617492,3934.140625,696.6923448154317,1228.867188,185.44956762832334,15825,0
0.8,346.2109375,16.639119186873057,1000.78125,0,18522.65625,332.6670093714997,11060.39063,879.8588624051463,3903.476563,932.7263152173807,1224.921875,130.2865198369868,15825,0
0.9,348.359375,17.94621011935463,1000.78125,0,18572.46094,386.3447133698457,11267.5,946.6354650771204,3827.539063,726.0135108915116,1246.09375,252.06767273197323,15825,0
