missing_rate,CPT,CPT,CR_MTI,CR_MTI,CTMTI,CTMTI,CUMI,CUMI,ECUMI,ECUMI,HPVT (Ours),HPVT (Ours),IIP,IIP
,mean_time_us,std_time_us,mean_time_us,std_time_us,mean_time_us,std_time_us,mean_time_us,std_time_us,mean_time_us,std_time_us,mean_time_us,std_time_us,mean_time_us,std_time_us
,,,,,,,,,,,,,,
0.1,729806.1328,991.9945897147549,144996.1719,10515.195278975356,50995.625,1991.9925955999854,1724724.1015625,159086.92878712312,1043770.7421875,142474.26393612573,887477.2656,26878.88318686431,496783.4375,4987.314490896486
0.2,724844.2969,1477.435499287154,144443.75,8865.707787213414,50212.26563,2089.6664429211282,1760972.5,143993.20890454907,1011214.4921875,139639.01019648695,787682.8125,17987.040558640612,509262.6953,8685.148539599122
0.30000000000000004,720514.2578,1133.5403989393017,142594.1797,3210.3964267816477,51052.10938,2018.7254799691202,1725473.594,134420.45901463964,1089752.6953125,181596.26949722724,692978.4766,15725.191155115197,525486.6016,7825.876916448248
0.4,715398.1641,1119.4079675746164,143322.9688,7168.064811399197,50337.65625,1613.8092933619118,1746812.4609375,168131.68638827547,1005051.7578125,126660.3178788014,604627.9688,14547.497159196633,551763.0469,10314.19524823328
0.5,709383.4375,1056.2191181545134,144095.0391,8486.839378223895,50326.13281,1997.1467471660108,1715612.656,122556.03136792424,1003091.6796875,135125.32448953728,498084.1406,13979.886206448202,578540.8984,11105.179033535062
0.6,702942.0313,1445.7319270504909,143127.1094,3610.745648378481,50245,1698.757497514534,1697278.203,129136.27015641388,1038201.406,156020.02538021945,402606.7969,11872.36476100049,613592.4609,6069.277128577516
0.7000000000000001,695783.8672,1271.3070519188311,142609.375,8606.134792251236,50376.60156,1764.0545326050494,1720206.797,157088.03117116034,965411.9922,176227.10549460477,305601.8359,9701.291104939753,656087.9297,10086.631518999251
0.8,688711.3672,1595.1814366968504,137945.8203,3634.0624907625875,50757.65625,1285.2391865536017,1675434.531,140515.1351411718,929764.3359,157776.63139580272,207343.3984,7725.416086069835,698430.0781,9828.554565347184
0.9,680717.6563,974.2527092011053,126854.2969,4315.3874348355375,50054.84375,1992.3692448057984,1729643.672,140841.52870710372,912870.7422,126450.2061479045,106346.6016,5791.526529839452,741328.9453,10631.175403026964
