discovery_percent,CPT,CR_MTI,CTMTI,CUMI,ECUMI,HPVT,IIP
0,369.21875,1000.78125,18500.390625,10203.90625,2961.71875,252.34375,15825.0
10,369.21875,1000.78125,18500.390625,314184.609375,119344.0625,102711.328125,15825.0
20,369.21875,1000.78125,18500.390625,504187.421875,247270.078125,209594.140625,15825.0
30,369.21875,1000.78125,18500.390625,661075.7421875,344819.6484375,315219.0625,15825.0
40,369.21875,1000.78125,18500.390625,824939.4921875,438811.8359375,422081.2890625,15825.0
50,369.21875,1000.78125,18500.390625,977091.640625,525482.5,480202.890625,15825.0
60,369.21875,1000.78125,18500.390625,1137025.9375,615962.96875,480202.890625,15825.0
70,369.21875,1000.78125,18500.390625,1291062.578125,698214.296875,480202.890625,15825.0
80,369.21875,1000.78125,18500.390625,1444158.3984375,783556.875,480202.890625,15825.0
90,369.21875,1000.78125,18500.390625,1613875.5859375,878922.2265625,480202.890625,15825.0
100,369.21875,1000.78125,18500.390625,1773130.234375,984830.546875,480202.890625,15825.0
