total_tags,CPT,CPT_std,CR_MTI,CR_MTI_std,CTMTI,CTMTI_std,CUMI,CUMI_std,ECUMI,ECUMI_std,HPVT,HPVT_std,IIP,IIP_std
300,47263.984375,89.05370479233036,21351.796875,2272.8521598149396,6607.578125,568.6009384278132,150513.90625,13257.108828433606,118052.34375,23363.142472453295,18128.828125,1395.382314513368,74731.09375,3860.214775228717
600,102667.734375,143.0747510424207,40646.875,7060.023735085737,11807.890625,995.4873528657769,309230.078125,25813.137611640243,214851.953125,32751.91753335698,38998.203125,3780.228032270767,146207.8125,6111.64629694687
900,159166.015625,356.2167325018884,51156.484375,4620.933909810762,15263.28125,786.822573627493,434725.46875,41409.085300266306,320677.265625,40847.536601353655,58857.5,5172.630680253219,211662.890625,4742.92603692745
1200,221689.296875,253.7631942083182,63772.03125,4597.0865032731745,22109.375,1420.521381397929,591208.046875,51292.95603828304,405654.921875,31887.00215521472,78379.21875,4688.878605144809,286350.15625,7433.903354291483
1500,320916.796875,649.3730961650682,76699.765625,7976.191268380782,26843.59375,1210.5516746458402,778178.59375,73875.44209672778,399244.453125,25032.352421044867,98222.8125,5164.441827659215,351638.671875,5977.0081561557345
1800,341895.234375,335.30432294640025,88928.90625,7710.453229403651,28744.84375,923.953870714514,884411.328125,66123.23062111915,459855.859375,32930.68675631047,118891.484375,8092.215804779965,420113.59375,8780.246498241295
2100,369078.203125,954.8369082317715,102896.484375,5162.269256665082,35859.375,918.7370086005142,1027406.015625,96698.09074918153,567292.890625,100279.55470985771,137207.34375,7819.845957820171,484635.703125,9641.43436838932
2400,475116.015625,387.00129093608416,111518.828125,1542.5150946138406,40578.75,2235.1600820630083,1225819.84375,70590.20970399995,662094.921875,133782.68680836871,159139.0625,7211.424055527254,561443.984375,9917.045426516432
2700,583065.78125,270.59354368759205,125639.21875,6017.869787697638,45678.515625,1779.655423953087,1345248.28125,137346.11875396562,817697.578125,124675.66509197169,178364.921875,7461.076582564183,628246.953125,8251.01965935775
3000,689148.125,1150.0927696956626,136943.671875,2845.9068831717705,50883.203125,1790.7002999637778,1763650.625,72768.62689842722,936702.265625,149272.77778470205,196608.359375,8225.677332895264,702738.125,13326.370892329964
