algorithm,missing_rate,total_tags,mean_time,std_time,mean_bits,std_bits,mean_first_time,std_first_time,mean_90p_time,std_90p_time
CPT,0.8,300,47263.984375,89.05370479233036,8447.1,15.49516053482511,280.859375,17.914887569130418,280.859375,17.914887569130418
CPT,0.8,600,102667.734375,143.0747510424207,18973.5,17.392527130926364,288.59375,11.883677385155009,288.59375,11.883677385155009
CPT,0.8,900,159166.015625,356.2167325018884,29847.3,70.72961033243271,301.875,20.24963562772317,301.875,20.24963562772317
CPT,0.8,1200,221689.296875,253.7631942083182,42106.7,29.465799383919588,329.0625,21.543243212780197,329.0625,21.543243212780197
CPT,0.8,1500,320916.796875,649.3730961650682,61527.5,122.84430073154425,329.375,18.466461481636856,329.375,18.466461481636856
CPT,0.8,1800,341895.234375,335.30432294640025,65741.5,66.13664306234375,331.71875,19.922130308821565,331.71875,19.922130308821565
CPT,0.8,2100,369078.203125,954.8369082317715,71253.3,182.66973841699675,332.1875,9.087011869818493,332.1875,9.087011869818493
CPT,0.8,2400,475116.015625,387.00129093608416,92404.1,70.97644366658176,343.828125,19.520656849522393,343.828125,19.520656849522393
CPT,0.8,2700,583065.78125,270.59354368759205,113923.4,52.85031272901748,352.34375,19.277870336793484,352.34375,19.277870336793484
CPT,0.8,3000,689148.125,1150.0927696956626,135088.8,233.91489430512425,353.203125,21.148174388062824,353.203125,21.148174388062824
CR_MTI,0.8,300,21351.796875,2272.8521598149396,3898.7,406.100165531171,297.65625,0.0,297.65625,0.0
CR_MTI,0.8,600,40646.875,7060.023735085737,7484.0,1219.9669394427594,375.78125,0.0,375.78125,0.0
CR_MTI,0.8,900,51156.484375,4620.933909810762,9557.5,815.7671576838306,453.90625,0.0,453.90625,0.0
CR_MTI,0.8,1200,63772.03125,4597.0865032731745,11995.4,813.9908817398112,532.03125,0.0,532.03125,0.0
CR_MTI,0.8,1500,76699.765625,7976.191268380782,14498.5,1399.965733707635,610.15625,0.0,610.15625,0.0
CR_MTI,0.8,1800,88928.90625,7710.453229403651,16855.4,1335.946123331493,688.28125,0.0,688.28125,0.0
CR_MTI,0.8,2100,102896.484375,5162.269256665082,19544.7,939.9784926617558,766.40625,0.0,766.40625,0.0
CR_MTI,0.8,2400,111518.828125,1542.5150946138406,21302.1,281.1652143807583,844.53125,0.0,844.53125,0.0
CR_MTI,0.8,2700,125639.21875,6017.869787697638,23987.0,1048.6141118426528,922.65625,0.0,922.65625,0.0
CR_MTI,0.8,3000,136943.671875,2845.9068831717705,26201.9,493.5351951876271,1000.78125,0.0,1000.78125,0.0
CTMTI,0.8,300,6607.578125,568.6009384278132,1486.1,102.07453703598706,2092.96875,71.71631032524374,2092.96875,71.71631032524374
CTMTI,0.8,600,11807.890625,995.4873528657769,2771.3,200.747519702403,3942.96875,101.45894827842388,3942.96875,101.45894827842388
CTMTI,0.8,900,15263.28125,786.822573627493,3686.6,162.9534357484439,5851.953125,81.7154553059009,5851.953125,81.7154553059009
CTMTI,0.8,1200,22109.375,1420.521381397929,5356.0,305.92410097204777,7550.390625,147.38352514128886,7550.390625,147.38352514128886
CTMTI,0.8,1500,26843.59375,1210.5516746458402,6565.4,285.36767706085965,9329.296875,180.60088281538916,9329.296875,180.60088281538916
CTMTI,0.8,1800,28744.84375,923.953870714514,7091.8,146.86410952532498,11458.984375,195.00366207498834,11458.984375,195.00366207498834
CTMTI,0.8,2100,35859.375,918.7370086005142,8882.4,239.2001486435806,12944.921875,384.54050362189577,12944.921875,384.54050362189577
CTMTI,0.8,2400,40578.75,2235.1600820630083,10084.8,535.0519808600113,15021.09375,223.19850514654615,15021.09375,223.19850514654615
CTMTI,0.8,2700,45678.515625,1779.655423953087,11354.5,416.2996383482561,16835.546875,175.35200290856466,16835.546875,175.35200290856466
CTMTI,0.8,3000,50883.203125,1790.7002999637778,12654.9,395.7758765317114,18511.71875,354.1867717945379,18511.71875,354.1867717945379
CUMI,0.8,300,150513.90625,13257.108828433606,25009.0,2255.015003645578,1838.203125,294.44810525149916,133863.4375,12645.183727223011
CUMI,0.8,600,309230.078125,25813.137611640243,51406.1,4375.408259046615,2912.34375,614.3214042831462,275927.578125,26535.810092492204
CUMI,0.8,900,434725.46875,41409.085300266306,72212.6,7008.832335782552,3751.171875,151.6556531100166,385749.84375,40227.337133585635
CUMI,0.8,1200,591208.046875,51292.95603828304,98236.3,8670.269610699668,4773.90625,334.73525180668275,526726.953125,53249.248181977186
CUMI,0.8,1500,778178.59375,73875.44209672778,129352.6,12477.937927932375,5841.09375,468.28770606438263,690521.328125,73590.00197430035
CUMI,0.8,1800,884411.328125,66123.23062111915,146930.9,11219.255099554914,6704.765625,406.12619140383424,785201.875,63388.47054043434
CUMI,0.8,2100,1027406.015625,96698.09074918153,170650.5,16399.78336069649,7708.59375,269.32271018653853,914298.515625,93882.49274082214
CUMI,0.8,2400,1225819.84375,70590.20970399995,203744.6,11987.215849488248,8932.578125,538.6079063973785,1102583.125,72026.12436590601
CUMI,0.8,2700,1345248.28125,137346.11875396562,223565.0,23282.01539099798,9619.0625,108.31092015742104,1206316.328125,129525.13925388095
CUMI,0.8,3000,1763650.625,72768.62689842722,293882.4,12380.743652050054,11803.046875,832.2516131958536,1606491.40625,62338.57322278806
ECUMI,0.8,300,118052.34375,23363.142472453295,19843.8,3925.696309078315,4227.109375,2321.5626615408214,101397.34375,23094.315930048884
ECUMI,0.8,600,214851.953125,32751.91753335698,36118.9,5501.382380820297,9222.65625,5933.571102793076,189369.609375,26665.175061661696
ECUMI,0.8,900,320677.265625,40847.536601353655,53906.5,6857.664199840773,2938.90625,2033.1081511666507,282005.234375,29860.327638414292
ECUMI,0.8,1200,405654.921875,31887.00215521472,68193.9,5356.689762447617,8461.328125,6832.667613282232,356016.484375,23739.579469504995
ECUMI,0.8,1500,399244.453125,25032.352421044867,67101.3,4199.736421623517,2100.15625,227.62704881163498,326107.03125,36365.22463076156
ECUMI,0.8,1800,459855.859375,32930.68675631047,77303.9,5543.115799500014,2786.171875,990.2273158169378,382419.296875,39378.63403308834
ECUMI,0.8,2100,567292.890625,100279.55470985771,95360.1,16854.216178419243,2574.765625,305.6865853545291,487334.0625,92108.75903205005
ECUMI,0.8,2400,662094.921875,133782.68680836871,111288.3,22502.367283120337,3005.546875,355.1211575118931,578801.40625,123739.67449875367
ECUMI,0.8,2700,817697.578125,124675.66509197169,137438.1,20961.260964243327,4387.03125,1537.4030111402783,713064.53125,91686.56595030459
ECUMI,0.8,3000,936702.265625,149272.77778470205,157452.1,25101.369110291795,3571.875,591.5692316339417,826183.28125,143384.15527448704
HPVT,0.8,300,18128.828125,1395.382314513368,1014.7,148.35846229094358,604.765625,176.24358566071317,18128.828125,1395.382314513368
HPVT,0.8,600,38998.203125,3780.228032270767,2294.3,287.8321463013546,801.796875,91.49193959497578,38998.203125,3780.228032270767
HPVT,0.8,900,58857.5,5172.630680253219,3411.0,416.20534461836127,828.359375,111.84163671709666,58857.5,5172.630680253219
HPVT,0.8,1200,78379.21875,4688.878605144809,4703.8,428.3123989696201,1035.859375,320.9500874039462,78379.21875,4688.878605144809
HPVT,0.8,1500,98222.8125,5164.441827659215,5812.6,392.78583364361697,949.0625,152.46135951720137,98222.8125,5164.441827659215
HPVT,0.8,1800,118891.484375,8092.215804779965,6928.8,687.9054844639312,909.609375,144.3023478290485,118891.484375,8092.215804779965
HPVT,0.8,2100,137207.34375,7819.845957820171,8329.1,604.6494760511163,1067.265625,201.7163529152263,137207.34375,7819.845957820171
HPVT,0.8,2400,159139.0625,7211.424055527254,9873.6,633.013814137487,1201.25,207.7698107782585,159139.0625,7211.424055527254
HPVT,0.8,2700,178364.921875,7461.076582564183,10887.0,576.5167435170947,1193.359375,92.99190742166837,178364.921875,7461.076582564183
HPVT,0.8,3000,196608.359375,8225.677332895264,11961.0,642.2429446868218,1240.703125,141.39663391950796,196608.359375,8225.677332895264
IIP,0.8,300,74731.09375,3860.214775228717,3102.0,222.1255901011357,1910.9375,0.0,1910.9375,0.0
IIP,0.8,600,146207.8125,6111.64629694687,4962.5,233.75925412459912,3457.8125,0.0,3457.8125,0.0
IIP,0.8,900,211662.890625,4742.92603692745,6634.4,196.26920288216394,5004.6875,0.0,5004.6875,0.0
IIP,0.8,1200,286350.15625,7433.903354291483,8475.2,296.3049480218349,6551.5625,0.0,6551.5625,0.0
IIP,0.8,1500,351638.671875,5977.0081561557345,10171.3,163.2285718453317,8090.625,0.0,8090.625,0.0
IIP,0.8,1800,420113.59375,8780.246498241295,11791.9,284.24185710998535,9637.5,0.0,9637.5,0.0
IIP,0.8,2100,484635.703125,9641.43436838932,13392.7,228.42749883107834,11184.375,0.0,11184.375,0.0
IIP,0.8,2400,561443.984375,9917.045426516432,15333.9,267.3168947564339,12731.25,0.0,12731.25,0.0
IIP,0.8,2700,628246.953125,8251.01965935775,16919.2,252.18591025934262,14278.125,0.0,14278.125,0.0
IIP,0.8,3000,702738.125,13326.370892329964,18799.6,334.89872432655784,15825.0,0.0,15825.0,0.0
