Discovery_Percent,HPVT,HPVT_std,CPT,CPT_std,IIP,IIP_std,CR_MTI,CR_MTI_std,CTMTI,CTMTI_std,CUMI,CUMI_std,ECUMI,ECUMI_std
0,252.34375,0.0,337.578125,13.963045302317955,10668.75,0.0,742.96875,0.0,12524.21875,207.88689144680734,6875.78125,0.0,2047.65625,0.0
10,12311.25,2529.3517080339043,337.578125,13.963045302317955,10668.75,0.0,742.96875,0.0,12524.21875,207.88689144680734,210776.796875,14168.428180399398,70817.109375,7321.33063381379
20,24278.359375,4165.04281589726,337.578125,13.963045302317955,10668.75,0.0,742.96875,0.0,12524.21875,207.88689144680734,317776.40625,46590.34361005409,163438.59375,39138.58396659157
30,32354.375,2831.6654624884013,337.578125,13.963045302317955,10668.75,0.0,742.96875,0.0,12524.21875,207.88689144680734,415237.65625,62563.57458327959,253845.46875,80595.26466344527
40,44173.046875,3827.128506391957,337.578125,13.963045302317955,10668.75,0.0,742.96875,0.0,12524.21875,207.88689144680734,526499.6875,75490.543238803,293427.1875,79928.68145520575
50,54989.84375,4229.044057387309,337.578125,13.963045302317955,10668.75,0.0,742.96875,0.0,12524.21875,207.88689144680734,639988.515625,90774.4995555754,329467.96875,78990.33626376805
60,65270.78125,2728.349815137105,337.578125,13.963045302317955,10668.75,0.0,742.96875,0.0,12524.21875,207.88689144680734,743527.109375,88970.6578205606,381294.21875,75155.83614137322
70,78591.328125,3300.9715377020725,337.578125,13.963045302317955,10668.75,0.0,742.96875,0.0,12524.21875,207.88689144680734,850694.921875,83610.0894769526,448259.84375,76558.30746138525
80,87647.65625,2816.7303977242022,337.578125,13.963045302317955,10668.75,0.0,742.96875,0.0,12524.21875,207.88689144680734,946795.625,86323.89630810144,506164.453125,68469.49237884727
90,100197.265625,4458.778898131644,337.578125,13.963045302317955,10668.75,0.0,742.96875,0.0,12524.21875,207.88689144680734,1044943.75,92381.47438175253,556392.265625,68889.7729195973
100,108419.21875,5274.670048860778,337.578125,13.963045302317955,10668.75,0.0,742.96875,0.0,12524.21875,207.88689144680734,1155404.375,96330.45429169916,636315.703125,68741.40576851423
