algorithm,distribution,mean_time,std_time,mean_bits,std_bits,mean_first_time,std_first_time,mean_90p_time,std_90p_time
CPT,Clustered,696050.234375,1265.8123173495787,135287.1,236.4592753285219,350.390625,21.91603913273019,350.390625,21.91603913273019
CPT,Uniform,695563.671875,878.0819243895584,135193.9,188.0847622158094,354.296875,14.988104730756953,354.296875,14.988104730756953
CR_MTI,Clustered,142224.296875,3661.341133770617,27277.9,596.2315825247766,1000.78125,0.0,1000.78125,0.0
CR_MTI,Uniform,140713.4375,4155.210011124003,27010.8,740.0226422962418,1000.78125,0.0,1000.78125,0.0
CTMTI,Clustered,50183.359375,988.9931114033163,12529.5,226.16574551519653,18568.75,297.9353323115326,18568.75,297.9353323115326
CTMTI,Uniform,51005.078125,2096.3268712638123,12698.9,519.3712972859055,18219.140625,1076.3847323648467,18219.140625,1076.3847323648467
CUMI,Clustered,1723934.609375,112704.3082397088,287145.5,19150.478800222656,11473.75,688.3226020967869,1554560.3125,108405.44047499103
CUMI,Uniform,1754778.90625,139339.81197207174,292439.4,23590.58659343218,11536.71875,988.1132172148706,1591181.09375,134827.02561195896
ECUMI,Clustered,953268.4375,175546.00686588424,159852.4,29440.14143308418,3732.890625,753.3191573798147,852122.265625,169544.12816319946
ECUMI,Uniform,1060987.8125,146049.1712968489,177912.4,24498.695884565866,4239.6875,1197.9220335024706,968181.953125,143186.349372511
HPVT,Clustered,252729.296875,5088.29053630671,3715.9,36.95778372383512,5049.21875,1510.0236557657704,228975.078125,4528.007646983309
HPVT,Uniform,250058.515625,7060.0890966454235,3693.0,35.646411694119635,4260.15625,1122.085223842633,228690.546875,6628.380586991096
IIP,Clustered,652519.53125,13121.837669836885,17922.2,404.01094594632497,15825.0,0.0,15825.0,0.0
IIP,Uniform,649213.828125,8856.320357323275,17845.8,306.5132949808212,15825.0,0.0,15825.0,0.0
