missing_rate,HPVT,HPVT_std,CPT,CPT_std,IIP,IIP_std,CR_MTI,CR_MTI_std,CTMTI,CTMTI_std,CUMI,CUMI_std,ECUMI,ECUMI_std
0.1,1166.0,58.07083796728117,68836.9,240.64101894730567,11832.6,228.72360807072113,19452.2,1065.7570913570214,8491.5,304.3164471401439,186557.4,22508.713187958518,125417.1,28247.126372822815
0.2,1175.5,58.33095233235953,68523.0,122.3247045094871,11623.5,124.6499543165225,19451.3,954.2322160890515,8431.0,215.31888496419006,193286.9,23008.28469848777,111934.2,14501.065468900322
0.30000000000000004,1175.0,89.28107924477118,68550.8,197.74776301586016,11553.8,237.4689687329928,19843.7,1403.035681022483,8539.0,494.1041275772637,190565.5,14301.635129903463,114259.0,16885.74979745413
0.4,1196.0,101.68032695113097,68196.7,120.06114183105852,11750.0,207.6535576386785,19333.2,572.4436507931013,8454.4,302.4056142923864,199816.8,16567.490856761895,122025.3,32275.94288165723
0.5,1207.0,98.76459104580167,68103.9,175.994602189956,11747.6,259.8316549015703,19053.1,1031.9166040808616,8499.7,432.86925149389947,186318.8,11788.303042517284,110044.8,19463.47422338685
0.6,1192.0,70.11102306738617,67769.9,238.5593101189808,12149.2,309.744267277235,18981.5,831.7127241755745,8524.0,319.45161344612654,198019.4,18159.148402695297,121615.7,19537.28692668344
0.7000000000000001,1186.5,89.05210709341907,67590.0,148.14257396920354,12597.9,191.75183614940076,19010.9,442.9360249767707,8444.0,312.4387940061223,188821.1,15827.799520323586,114585.7,11447.485313863086
0.8,1214.5,77.35380476169942,67363.2,197.747763015863,12835.1,180.925675347641,18470.3,1131.6471819628432,8589.1,295.10467069612207,192514.4,16372.72704632107,106968.5,11561.349471887403
0.9,1146.5,56.786637708374876,67250.3,208.19171186406393,13459.6,223.87853849799893,16793.5,833.214691554477,8719.0,453.788252137247,201060.0,21114.460579317565,102572.3,14005.517079985935
