algorithm,missing_rate,total_time_us_mean,total_time_us_std,total_bits_mean,total_bits_std,time_to_first_us_mean,time_to_first_us_std,time_to_0p_us_mean,time_to_0p_us_std,time_to_10p_us_mean,time_to_10p_us_std,time_to_20p_us_mean,time_to_20p_us_std,time_to_30p_us_mean,time_to_30p_us_std,time_to_40p_us_mean,time_to_40p_us_std,time_to_50p_us_mean,time_to_50p_us_std,time_to_60p_us_mean,time_to_60p_us_std,time_to_70p_us_mean,time_to_70p_us_std,time_to_80p_us_mean,time_to_80p_us_std,time_to_90p_us_mean,time_to_90p_us_std,time_to_100p_us_mean,time_to_100p_us_std
CPT,0.1,371924.140625,1289.4398884654229,68836.9,240.64101894730567,358.984375,7.377195559487135,358.984375,7.377195559487135,358.984375,7.377195559487135,358.984375,7.377195559487135,358.984375,7.377195559487135,358.984375,7.377195559487135,358.984375,7.377195559487135,358.984375,7.377195559487135,358.984375,7.377195559487135,358.984375,7.377195559487135,358.984375,7.377195559487135,358.984375,7.377195559487135
CPT,0.2,369652.96875,647.1655236960332,68523.0,122.3247045094871,355.3125,11.76668437203578,355.3125,11.76668437203578,355.3125,11.76668437203578,355.3125,11.76668437203578,355.3125,11.76668437203578,355.3125,11.76668437203578,355.3125,11.76668437203578,355.3125,11.76668437203578,355.3125,11.76668437203578,355.3125,11.76668437203578,355.3125,11.76668437203578,355.3125,11.76668437203578
CPT,0.30000000000000004,368729.0625,956.771882371041,68550.8,197.74776301586016,354.921875,11.593953558410664,354.921875,11.593953558410664,354.921875,11.593953558410664,354.921875,11.593953558410664,354.921875,11.593953558410664,354.921875,11.593953558410664,354.921875,11.593953558410664,354.921875,11.593953558410664,354.921875,11.593953558410664,354.921875,11.593953558410664,354.921875,11.593953558410664,354.921875,11.593953558410664
CPT,0.4,365173.359375,649.8938266735212,68196.7,120.06114183105852,357.8125,7.131804134181837,357.8125,7.131804134181837,357.8125,7.131804134181837,357.8125,7.131804134181837,357.8125,7.131804134181837,357.8125,7.131804134181837,357.8125,7.131804134181837,357.8125,7.131804134181837,357.8125,7.131804134181837,357.8125,7.131804134181837,357.8125,7.131804134181837,357.8125,7.131804134181837
CPT,0.5,362713.359375,880.0608118796887,68103.9,175.994602189956,356.875,10.01707526551538,356.875,10.01707526551538,356.875,10.01707526551538,356.875,10.01707526551538,356.875,10.01707526551538,356.875,10.01707526551538,356.875,10.01707526551538,356.875,10.01707526551538,356.875,10.01707526551538,356.875,10.01707526551538,356.875,10.01707526551538,356.875,10.01707526551538
CPT,0.6,358446.171875,1232.09350127642,67769.9,238.5593101189808,345.078125,19.03733111884311,345.078125,19.03733111884311,345.078125,19.03733111884311,345.078125,19.03733111884311,345.078125,19.03733111884311,345.078125,19.03733111884311,345.078125,19.03733111884311,345.078125,19.03733111884311,345.078125,19.03733111884311,345.078125,19.03733111884311,345.078125,19.03733111884311,345.078125,19.03733111884311
CPT,0.7000000000000001,354438.4375,758.2820710123295,67590.0,148.14257396920354,329.84375,11.586639591093219,329.84375,11.586639591093219,329.84375,11.586639591093219,329.84375,11.586639591093219,329.84375,11.586639591093219,329.84375,11.586639591093219,329.84375,11.586639591093219,329.84375,11.586639591093219,329.84375,11.586639591093219,329.84375,11.586639591093219,329.84375,11.586639591093219,329.84375,11.586639591093219
CPT,0.8,349660.0,1000.2409106511726,67363.2,197.747763015863,337.578125,13.963045302317955,337.578125,13.963045302317955,337.578125,13.963045302317955,337.578125,13.963045302317955,337.578125,13.963045302317955,337.578125,13.963045302317955,337.578125,13.963045302317955,337.578125,13.963045302317955,337.578125,13.963045302317955,337.578125,13.963045302317955,337.578125,13.963045302317955,337.578125,13.963045302317955
CPT,0.9,345066.484375,1084.1165194103544,67250.3,208.19171186406393,332.734375,14.552842007782267,332.734375,14.552842007782267,332.734375,14.552842007782267,332.734375,14.552842007782267,332.734375,14.552842007782267,332.734375,14.552842007782267,332.734375,14.552842007782267,332.734375,14.552842007782267,332.734375,14.552842007782267,332.734375,14.552842007782267,332.734375,14.552842007782267,332.734375,14.552842007782267
CR_MTI,0.1,102115.15625,6140.26785212094,19452.2,1065.7570913570214,742.96875,0.0,742.96875,0.0,742.96875,0.0,742.96875,0.0,742.96875,0.0,742.96875,0.0,742.96875,0.0,742.96875,0.0,742.96875,0.0,742.96875,0.0,742.96875,0.0,742.96875,0.0
CR_MTI,0.2,101939.140625,5580.040429020867,19451.3,954.2322160890515,742.96875,0.0,742.96875,0.0,742.96875,0.0,742.96875,0.0,742.96875,0.0,742.96875,0.0,742.96875,0.0,742.96875,0.0,742.96875,0.0,742.96875,0.0,742.96875,0.0,742.96875,0.0
CR_MTI,0.30000000000000004,104216.953125,8159.954401109069,19843.7,1403.035681022483,742.96875,0.0,742.96875,0.0,742.96875,0.0,742.96875,0.0,742.96875,0.0,742.96875,0.0,742.96875,0.0,742.96875,0.0,742.96875,0.0,742.96875,0.0,742.96875,0.0,742.96875,0.0
CR_MTI,0.4,101055.3125,3243.530988378167,19333.2,572.4436507931013,742.96875,0.0,742.96875,0.0,742.96875,0.0,742.96875,0.0,742.96875,0.0,742.96875,0.0,742.96875,0.0,742.96875,0.0,742.96875,0.0,742.96875,0.0,742.96875,0.0,742.96875,0.0
CR_MTI,0.5,99788.671875,5577.069863174999,19053.1,1031.9166040808616,742.96875,0.0,742.96875,0.0,742.96875,0.0,742.96875,0.0,742.96875,0.0,742.96875,0.0,742.96875,0.0,742.96875,0.0,742.96875,0.0,742.96875,0.0,742.96875,0.0,742.96875,0.0
CR_MTI,0.6,99293.984375,4500.259746825704,18981.5,831.7127241755745,742.96875,0.0,742.96875,0.0,742.96875,0.0,742.96875,0.0,742.96875,0.0,742.96875,0.0,742.96875,0.0,742.96875,0.0,742.96875,0.0,742.96875,0.0,742.96875,0.0,742.96875,0.0
CR_MTI,0.7000000000000001,99551.328125,2446.512037444289,19010.9,442.9360249767707,742.96875,0.0,742.96875,0.0,742.96875,0.0,742.96875,0.0,742.96875,0.0,742.96875,0.0,742.96875,0.0,742.96875,0.0,742.96875,0.0,742.96875,0.0,742.96875,0.0,742.96875,0.0
CR_MTI,0.8,97244.609375,6550.154418160457,18470.3,1131.6471819628432,742.96875,0.0,742.96875,0.0,742.96875,0.0,742.96875,0.0,742.96875,0.0,742.96875,0.0,742.96875,0.0,742.96875,0.0,742.96875,0.0,742.96875,0.0,742.96875,0.0,742.96875,0.0
CR_MTI,0.9,89347.109375,4789.253936409654,16793.5,833.214691554477,742.96875,0.0,742.96875,0.0,742.96875,0.0,742.96875,0.0,742.96875,0.0,742.96875,0.0,742.96875,0.0,742.96875,0.0,742.96875,0.0,742.96875,0.0,742.96875,0.0,742.96875,0.0
CTMTI,0.1,34374.921875,1308.3505137747038,8491.5,304.3164471401439,12404.6875,248.3807150337852,12404.6875,248.3807150337852,12404.6875,248.3807150337852,12404.6875,248.3807150337852,12404.6875,248.3807150337852,12404.6875,248.3807150337852,12404.6875,248.3807150337852,12404.6875,248.3807150337852,12404.6875,248.3807150337852,12404.6875,248.3807150337852,12404.6875,248.3807150337852,12404.6875,248.3807150337852
CTMTI,0.2,34161.09375,873.377929791295,8431.0,215.31888496419006,12565.625,271.14490291491035,12565.625,271.14490291491035,12565.625,271.14490291491035,12565.625,271.14490291491035,12565.625,271.14490291491035,12565.625,271.14490291491035,12565.625,271.14490291491035,12565.625,271.14490291491035,12565.625,271.14490291491035,12565.625,271.14490291491035,12565.625,271.14490291491035,12565.625,271.14490291491035
CTMTI,0.30000000000000004,34602.96875,2078.6010641529,8539.0,494.1041275772637,12425.78125,249.2066404668577,12425.78125,249.2066404668577,12425.78125,249.2066404668577,12425.78125,249.2066404668577,12425.78125,249.2066404668577,12425.78125,249.2066404668577,12425.78125,249.2066404668577,12425.78125,249.2066404668577,12425.78125,249.2066404668577,12425.78125,249.2066404668577,12425.78125,249.2066404668577,12425.78125,249.2066404668577
CTMTI,0.4,34200.0,1283.4363755642617,8454.4,302.4056142923864,12274.21875,327.60892782708714,12274.21875,327.60892782708714,12274.21875,327.60892782708714,12274.21875,327.60892782708714,12274.21875,327.60892782708714,12274.21875,327.60892782708714,12274.21875,327.60892782708714,12274.21875,327.60892782708714,12274.21875,327.60892782708714,12274.21875,327.60892782708714,12274.21875,327.60892782708714,12274.21875,327.60892782708714
CTMTI,0.5,34489.453125,2096.403281321654,8499.7,432.86925149389947,12471.484375,254.8523372718681,12471.484375,254.8523372718681,12471.484375,254.8523372718681,12471.484375,254.8523372718681,12471.484375,254.8523372718681,12471.484375,254.8523372718681,12471.484375,254.8523372718681,12471.484375,254.8523372718681,12471.484375,254.8523372718681,12471.484375,254.8523372718681,12471.484375,254.8523372718681,12471.484375,254.8523372718681
CTMTI,0.6,34546.875,1382.6023851667378,8524.0,319.45161344612654,12514.0625,219.9711697886667,12514.0625,219.9711697886667,12514.0625,219.9711697886667,12514.0625,219.9711697886667,12514.0625,219.9711697886667,12514.0625,219.9711697886667,12514.0625,219.9711697886667,12514.0625,219.9711697886667,12514.0625,219.9711697886667,12514.0625,219.9711697886667,12514.0625,219.9711697886667,12514.0625,219.9711697886667
CTMTI,0.7000000000000001,34206.875,1367.467818484959,8444.0,312.4387940061223,12495.3125,276.63556395202625,12495.3125,276.63556395202625,12495.3125,276.63556395202625,12495.3125,276.63556395202625,12495.3125,276.63556395202625,12495.3125,276.63556395202625,12495.3125,276.63556395202625,12495.3125,276.63556395202625,12495.3125,276.63556395202625,12495.3125,276.63556395202625,12495.3125,276.63556395202625,12495.3125,276.63556395202625
CTMTI,0.8,34841.171875,1266.039136740006,8589.1,295.10467069612207,12524.21875,207.88689144680734,12524.21875,207.88689144680734,12524.21875,207.88689144680734,12524.21875,207.88689144680734,12524.21875,207.88689144680734,12524.21875,207.88689144680734,12524.21875,207.88689144680734,12524.21875,207.88689144680734,12524.21875,207.88689144680734,12524.21875,207.88689144680734,12524.21875,207.88689144680734,12524.21875,207.88689144680734
CTMTI,0.9,35391.09375,2014.6429899496152,8719.0,453.788252137247,12389.84375,183.91022516472228,12389.84375,183.91022516472228,12389.84375,183.91022516472228,12389.84375,183.91022516472228,12389.84375,183.91022516472228,12389.84375,183.91022516472228,12389.84375,183.91022516472228,12389.84375,183.91022516472228,12389.84375,183.91022516472228,12389.84375,183.91022516472228,12389.84375,183.91022516472228,12389.84375,183.91022516472228
CUMI,0.1,1120649.84375,133155.5601842472,186557.4,22508.713187958518,17785.546875,9778.919882491962,6875.78125,0.0,217987.109375,21709.32315729744,325331.640625,58071.50430159627,415176.953125,78829.89691913546,505334.140625,100155.41282127713,604811.09375,92577.56645166711,708410.9375,100248.3560616652,807435.859375,118909.76585502509,909664.6875,130826.67335890721,1007593.203125,145947.25456961367,1111046.5625,137050.0357354373
CUMI,0.2,1160079.453125,135595.6804311063,193286.9,23008.28469848777,11030.78125,3164.482058088423,6875.78125,0.0,206668.828125,23644.42388205403,348407.109375,59189.31198489905,455261.953125,88032.33208534333,565348.515625,99044.5288774435,657786.40625,106057.25372457948,768455.859375,129055.21468975587,859693.59375,127478.55751183568,961756.40625,121630.58199147918,1050460.390625,143391.3705823244,1158769.375,135307.40669381924
CUMI,0.30000000000000004,1144093.984375,84096.75850226558,190565.5,14301.635129903463,12635.703125,7242.265025748454,6875.78125,0.0,187614.0625,20886.826619464093,302754.375,36331.409919433914,395474.53125,42212.6580162757,508449.609375,66757.1755811341,611400.46875,86723.29743394701,714916.5625,83758.81536964772,822699.140625,70881.4676244027,916781.640625,71530.3283119474,1035563.4375,71916.87399805506,1142305.390625,85162.24428718655
CUMI,0.4,1198329.375,97641.40915023246,199816.8,16567.490856761895,9424.140625,2059.4820370962116,6875.78125,0.0,210686.328125,18901.4030110716,340289.921875,54945.56749946012,449739.84375,79772.97188982744,591253.4375,84826.82447220324,699846.09375,86918.84287181421,808450.703125,99568.7475081408,911591.40625,96268.34634881192,998569.140625,99085.26688306406,1089973.515625,104770.98856532654,1198048.90625,97640.0177865136
CUMI,0.5,1118987.8125,69633.17369432109,186318.8,11788.303042517284,7731.40625,541.4567652199302,6875.78125,0.0,212422.109375,15260.191253712404,321179.53125,52755.952357451664,397972.8125,57747.48698179579,482775.625,49232.74000192137,576780.078125,46308.29357204776,680476.25,56035.01831304914,805072.03125,79622.57875064162,902924.765625,76533.66845003278,1004941.71875,74420.23119135012,1118502.1875,69634.624139251
CUMI,0.6,1188200.78125,107040.50686285255,198019.4,18159.148402695297,8568.515625,1583.4230653198442,6875.78125,0.0,218672.65625,14359.617774856473,357768.046875,67253.4715421337,468754.453125,98242.30501156132,570483.90625,111444.58945587586,659005.625,109307.543068163,770572.65625,98817.67803259431,878584.21875,104480.75055322568,966973.671875,100116.35122340205,1070139.21875,102849.40605187003,1187972.734375,107231.89264887242
CUMI,0.7000000000000001,1133769.921875,93320.11177238337,188821.1,15827.799520323586,8101.71875,777.7169068752353,6875.78125,0.0,201425.234375,12528.016222195585,308712.578125,37137.1416924356,409319.140625,55290.737116880664,498315.78125,61579.02459589864,591216.171875,61770.4148076941,696190.46875,64315.11458016915,797595.390625,74695.79324420719,912755.703125,83750.64022500452,1026020.390625,89485.81931975327,1133769.921875,93320.11177238337
CUMI,0.8,1155404.375,96330.45429169916,192514.4,16372.72704632107,8653.4375,1518.0966387268927,6875.78125,0.0,210776.796875,14168.428180399398,317776.40625,46590.34361005409,415237.65625,62563.57458327959,526499.6875,75490.543238803,639988.515625,90774.4995555754,743527.109375,88970.6578205606,850694.921875,83610.0894769526,946795.625,86323.89630810144,1044943.75,92381.47438175253,1155404.375,96330.45429169916
CUMI,0.9,1205878.125,124519.28288216621,201060.0,21114.460579317565,8409.0625,1101.4429481027819,6875.78125,0.0,210127.734375,7955.053684925424,313574.84375,28523.710347267697,416728.046875,58353.603605242046,531125.390625,64312.99826665118,655598.671875,68865.46001434585,769673.515625,94065.08215258436,868588.28125,106108.08515248801,976853.28125,107866.5825294069,1091419.453125,121064.65872022322,1205878.125,124519.28288216621
ECUMI,0.1,750753.046875,168953.57689622912,125417.1,28247.126372822815,7964.6875,5289.001412641648,2047.65625,0.0,82779.296875,13906.535066766464,170678.671875,48868.923837072,234619.21875,77742.33722674676,331897.96875,136502.58377043158,394768.203125,143566.53966617747,461191.40625,130599.23316999164,517857.265625,126189.34020741918,580984.453125,120188.65230744577,644260.46875,125728.73905734984,738087.5,168913.46081610266
ECUMI,0.2,669965.46875,86771.79302503,111934.2,14501.065468900322,4303.59375,1714.9332700944187,2047.65625,0.0,79627.65625,9383.826922392505,151599.6875,10597.039139561137,208537.34375,29915.037408212705,263843.4375,53034.801061090155,318671.484375,47809.06627479522,385320.390625,51488.88231414533,458739.765625,58884.7745117933,519935.234375,61805.460674090566,584237.96875,73488.53556422933,669965.46875,86771.79302503
ECUMI,0.30000000000000004,683706.71875,101024.67064772514,114259.0,16885.74979745413,3616.5625,1428.487884694424,2047.65625,0.0,79230.46875,9699.372757844516,173866.328125,48657.84998134554,229802.34375,65099.39969631297,286786.71875,74198.47720109618,353737.5,85515.82103314366,418752.5,88463.20342087724,477284.140625,87022.38871287774,530413.125,91621.66310333471,592535.625,94491.31874227432,683706.71875,101024.67064772514
ECUMI,0.4,729946.328125,193058.30189481127,122025.3,32275.94288165723,3307.34375,1466.0170625066967,2047.65625,0.0,83667.109375,7207.323973560734,193679.375,48041.511207207725,282773.125,102267.23649709637,344569.84375,122908.26772052975,401153.203125,147360.10094588905,456551.796875,154720.6524703224,510431.328125,167136.38988751802,572588.90625,174481.4499546652,637565.703125,179956.99417507945,729339.84375,193369.73301521587
ECUMI,0.5,657837.5,116354.35894411616,110044.8,19463.47422338685,3697.96875,1623.5038434871992,2047.65625,0.0,75048.4375,9233.599526508002,150691.875,21341.658491147726,209798.671875,45869.09880739791,259910.703125,65112.56054123299,317653.359375,87821.59369930183,373651.484375,85896.39729845739,461921.5625,91136.91584888665,517915.078125,98038.38686632046,570539.609375,106915.51488380531,657837.5,116354.35894411616
ECUMI,0.6,726383.828125,116717.12188714728,121615.7,19537.28692668344,3106.09375,764.3012046177922,2047.65625,0.0,79016.40625,10096.369387294004,185882.109375,50680.46759513056,270595.15625,73190.78502340759,351232.265625,111749.1619106103,416959.6875,120995.29719252865,463285.625,114065.6635977992,530948.359375,119335.47824200704,585036.640625,124108.51067596977,646244.6875,111532.30245633297,726383.828125,116717.12188714728
ECUMI,0.7000000000000001,683395.390625,68288.89674046422,114585.7,11447.485313863086,2945.078125,613.8569429504076,2047.65625,0.0,77095.46875,9559.273720166959,164421.796875,31405.248635418968,225755.15625,31172.328563777643,295635.234375,60392.71973832412,370584.21875,80825.66529519047,430549.53125,82020.31225459691,482264.609375,91451.77947436589,549148.125,65488.27938361581,602694.453125,66460.26584430874,683395.390625,68288.89674046422
ECUMI,0.8,636315.703125,68741.40576851423,106968.5,11561.349471887403,2975.234375,924.1856965243275,2047.65625,0.0,70817.109375,7321.33063381379,163438.59375,39138.58396659157,253845.46875,80595.26466344527,293427.1875,79928.68145520575,329467.96875,78990.33626376805,381294.21875,75155.83614137322,448259.84375,76558.30746138525,506164.453125,68469.49237884727,556392.265625,68889.7729195973,636315.703125,68741.40576851423
ECUMI,0.9,607693.046875,82984.7058096168,102572.3,14005.517079985935,2931.328125,747.0094139349105,2047.65625,0.0,71861.875,8338.473356216136,156769.0625,43457.51793688147,211906.5625,69878.34893048993,260850.46875,101339.58782516338,319687.734375,88857.48640658337,394301.640625,84206.70414656584,438332.34375,86450.0176913683,485867.890625,98416.1920056031,531546.796875,100262.33362781173,607693.046875,82984.7058096168
HPVT,0.1,588304.765625,6303.29195377157,1166.0,58.07083796728117,33863.984375,7012.18894421234,252.34375,0.0,72883.359375,15831.9149200619,138623.359375,24048.895579371434,199410.078125,21423.303611144773,258501.71875,29670.46139750805,318117.8125,34549.166258538826,372154.53125,26975.372291897256,431218.90625,29351.59987188198,484358.671875,16021.549621681484,543316.796875,16653.223880706428,588304.765625,6303.29195377157
HPVT,0.2,506726.015625,6253.8694624456075,1175.5,58.33095233235953,24229.375,10989.831147235533,252.34375,0.0,58427.421875,8506.01682606377,114330.0,11072.408825372215,160206.71875,6101.992024556551,217422.109375,15090.06453313582,266850.703125,16940.90998375664,321176.328125,16973.805355032302,373359.6875,18760.97966719533,423343.359375,18101.655338060074,471091.484375,11026.857535614183,506726.015625,6253.8694624456075
HPVT,0.30000000000000004,433826.25,8590.082268143942,1175.0,89.28107924477118,23007.96875,7338.678220577164,252.34375,0.0,54964.140625,12096.151205072036,103444.296875,12468.535606111149,141531.171875,10622.412946186776,189218.671875,10595.64321907668,232436.640625,11440.445901084266,273849.53125,11375.941701137255,325552.8125,10951.193834600623,363234.140625,18368.967677337972,404431.09375,14299.587998698025,433826.25,8590.082268143942
HPVT,0.4,361496.5625,9461.787863770416,1196.0,101.68032695113097,17716.484375,6392.720792436157,252.34375,0.0,43148.046875,6777.414322299072,79571.484375,9727.42081393935,111938.75,8076.593745909121,154954.296875,7021.075511343812,194476.015625,9526.461058191548,227270.15625,12965.32741609368,260562.890625,12217.012540146105,293697.421875,5704.4677601408675,335464.765625,8408.435323731166,361496.5625,9461.787863770416
HPVT,0.5,290097.265625,6178.671267425844,1207.0,98.76459104580167,14599.6875,5923.2042836171095,252.34375,0.0,37752.5,4243.527591690783,63964.0625,9558.456147836925,89123.515625,4958.302797880633,124015.234375,8427.334228100339,152934.140625,10467.262066795092,180402.265625,7383.504601322732,214098.828125,9461.46102301021,235530.625,6625.034044478169,266122.734375,10189.102591082268,290097.265625,6178.671267425844
HPVT,0.6,222377.109375,4285.056522154375,1192.0,70.11102306738617,11211.484375,3836.076404937219,252.34375,0.0,28575.703125,3428.8673850595455,53210.234375,3517.1123290948385,75269.765625,9198.679098865214,96426.484375,5184.370466775402,117623.984375,7725.956961880758,141226.71875,4797.20189236327,165101.796875,9669.453102591824,186836.875,8848.323392035543,207599.609375,4968.37635696041,222377.109375,4285.056522154375
HPVT,0.7000000000000001,161837.65625,4472.013756315532,1186.5,89.05210709341907,10376.71875,2592.3961022571884,252.34375,0.0,21832.34375,2965.961642839785,39736.484375,4673.0192568489,54543.515625,6299.807419297557,70900.703125,4513.563610158261,83948.203125,6553.6123995188445,100962.65625,4822.981570725085,117722.8125,5042.990848722989,134733.828125,5485.561536360237,150701.40625,4645.296759349381,161837.65625,4472.013756315532
HPVT,0.8,108419.21875,5274.670048860778,1214.5,77.35380476169942,5542.890625,1747.0488916785828,252.34375,0.0,12311.25,2529.3517080339043,24278.359375,4165.04281589726,32354.375,2831.6654624884013,44173.046875,3827.128506391957,54989.84375,4229.044057387309,65270.78125,2728.349815137105,78591.328125,3300.9715377020725,87647.65625,2816.7303977242022,100197.265625,4458.778898131644,108419.21875,5274.670048860778
HPVT,0.9,63882.8125,3826.6304126045593,1146.5,56.786637708374876,3538.671875,903.5887387402588,252.34375,0.0,7592.265625,994.4743065165709,13792.34375,2119.281706933275,18922.03125,1504.6893839407844,25618.4375,2438.677466672937,32728.984375,3691.764311521673,39363.59375,2914.5972755504035,45951.40625,3768.6597888019337,51880.15625,4306.106484969436,58960.46875,4020.7436235134796,63882.8125,3826.6304126045593
IIP,0.1,333050.859375,7102.053039014698,11832.6,228.72360807072113,10668.75,0.0,10668.75,0.0,10668.75,0.0,10668.75,0.0,10668.75,0.0,10668.75,0.0,10668.75,0.0,10668.75,0.0,10668.75,0.0,10668.75,0.0,10668.75,0.0,10668.75,0.0
IIP,0.2,337759.296875,3999.17881398821,11623.5,124.6499543165225,10668.75,0.0,10668.75,0.0,10668.75,0.0,10668.75,0.0,10668.75,0.0,10668.75,0.0,10668.75,0.0,10668.75,0.0,10668.75,0.0,10668.75,0.0,10668.75,0.0,10668.75,0.0
IIP,0.30000000000000004,350744.375,4894.446484645537,11553.8,237.4689687329928,10668.75,0.0,10668.75,0.0,10668.75,0.0,10668.75,0.0,10668.75,0.0,10668.75,0.0,10668.75,0.0,10668.75,0.0,10668.75,0.0,10668.75,0.0,10668.75,0.0,10668.75,0.0
IIP,0.4,369640.078125,4848.131251769679,11750.0,207.6535576386785,10668.75,0.0,10668.75,0.0,10668.75,0.0,10668.75,0.0,10668.75,0.0,10668.75,0.0,10668.75,0.0,10668.75,0.0,10668.75,0.0,10668.75,0.0,10668.75,0.0,10668.75,0.0
IIP,0.5,386246.796875,6833.618251908333,11747.6,259.8316549015703,10668.75,0.0,10668.75,0.0,10668.75,0.0,10668.75,0.0,10668.75,0.0,10668.75,0.0,10668.75,0.0,10668.75,0.0,10668.75,0.0,10668.75,0.0,10668.75,0.0,10668.75,0.0
IIP,0.6,410066.328125,7205.711928982664,12149.2,309.744267277235,10668.75,0.0,10668.75,0.0,10668.75,0.0,10668.75,0.0,10668.75,0.0,10668.75,0.0,10668.75,0.0,10668.75,0.0,10668.75,0.0,10668.75,0.0,10668.75,0.0,10668.75,0.0
IIP,0.7000000000000001,440443.828125,5859.592640055223,12597.9,191.75183614940076,10668.75,0.0,10668.75,0.0,10668.75,0.0,10668.75,0.0,10668.75,0.0,10668.75,0.0,10668.75,0.0,10668.75,0.0,10668.75,0.0,10668.75,0.0,10668.75,0.0,10668.75,0.0
IIP,0.8,461421.09375,3353.2716075759977,12835.1,180.925675347641,10668.75,0.0,10668.75,0.0,10668.75,0.0,10668.75,0.0,10668.75,0.0,10668.75,0.0,10668.75,0.0,10668.75,0.0,10668.75,0.0,10668.75,0.0,10668.75,0.0,10668.75,0.0
IIP,0.9,495157.96875,5776.809138034101,13459.6,223.87853849799893,10668.75,0.0,10668.75,0.0,10668.75,0.0,10668.75,0.0,10668.75,0.0,10668.75,0.0,10668.75,0.0,10668.75,0.0,10668.75,0.0,10668.75,0.0,10668.75,0.0,10668.75,0.0
