algorithm,distribution,total_time_us,total_bits,time_to_first_us,time_to_90p_us
CPT,Prefix-Clustered,688396.328125,134946.9,354.765625,354.765625
CPT,Suffix-Clustered,688915.390625,135027.3,346.015625,346.015625
CPT,Uniform,688805.546875,135013.9,350.390625,350.390625
CR_MTI,Prefix-Clustered,140730.3125,26891.6,1000.78125,1000.78125
CR_MTI,Suffix-Clustered,138057.5,26387.2,1000.78125,1000.78125
CR_MTI,Uniform,142262.96875,27150.2,1000.78125,1000.78125
CTMTI,Prefix-Clustered,50365.703125,12536.5,18605.859375,18605.859375
CTMTI,Suffix-Clustered,50666.328125,12620.5,18557.421875,18557.421875
CTMTI,Uniform,50906.328125,12674.9,18517.1875,18517.1875
CUMI,Prefix-Clustered,1719186.328125,286399.7,11399.21875,1556445.703125
CUMI,Suffix-Clustered,1722143.28125,286832.2,11322.96875,1548950.703125
CUMI,Uniform,1694332.421875,282209.9,11113.828125,1544437.109375
ECUMI,Prefix-Clustered,968939.296875,162900.3,3805.15625,870023.515625
ECUMI,Suffix-Clustered,918234.84375,154359.0,3792.34375,822079.21875
ECUMI,Uniform,936895.703125,157499.7,3524.296875,839359.375
HPVT,Prefix-Clustered,159434.21875,1761.0,5391.171875,145394.765625
HPVT,Suffix-Clustered,159584.140625,1761.0,5698.90625,146388.984375
HPVT,Uniform,161430.546875,1761.0,5328.046875,147640.46875
IIP,Prefix-Clustered,692779.53125,18483.1,15825.0,15825.0
IIP,Suffix-Clustered,701614.453125,18692.3,15825.0,15825.0
IIP,Uniform,695008.125,18579.9,15825.0,15825.0
