丢失率,Baseline,CPT,CRMTI,CTMTI,HPVT,IIP
0.10,0.006540222367560497,0.0,0.8774935041283054,0.0,0.0,0.0
0.20,0.014598172711484735,0.0,1.7721777780849357,0.0,0.0,0.0
0.30,0.024771504228239514,0.0,1.4981290225622035,0.0,0.0,0.0
0.40,0.0380190750876733,0.0,1.2815954268001857,0.0,0.0,0.0
0.50,0.05598239450214278,0.0,1.4039870261122795,0.0,0.0,0.0
0.60,0.08172467239678738,0.0,1.1646499664821426,0.0,0.0,0.0
0.70,0.12169534200587495,0.0,1.331987679825703,0.0,0.0,0.0
0.80,0.19219617264518266,0.0,1.5414198879352434,0.0,0.0,0.0
0.90,0.3498190591073583,0.0,1.4350467501801982,0.0,0.0,0.0
