丢失率,CTMTI,CUMTI,ECUMTIAlgo,HPVT,HPVT_Adaptive,HPVT_Aggregate,IIP
0.10,4.21826171875,1352.64453125,90.662109375,15.88720703125,26.8857421875,23.28173828125,6.29443359375
0.20,4.35009765625,1352.0732421875,79.658203125,12.91357421875,28.7763671875,23.13525390625,6.060546875
0.30,4.23193359375,1341.638671875,78.8837890625,11.49267578125,26.80029296875,22.830078125,6.3994140625
0.40,4.22314453125,1353.38818359375,78.677734375,7.43603515625,22.556640625,18.666015625,6.4091796875
0.50,4.1533203125,2600.796875,61.6923828125,5.091796875,20.5751953125,16.86181640625,6.4921875
0.60,4.16650390625,1359.99609375,59.4189453125,3.78759765625,15.86474609375,14.30419921875,6.8701171875
0.70,4.4482421875,1348.62646484375,58.4140625,2.3818359375,14.67138671875,12.212890625,6.7939453125
0.80,4.19091796875,1348.43701171875,59.8720703125,1.3984375,11.3115234375,9.46533203125,7.13134765625
0.90,4.22509765625,1343.580078125,55.1611328125,1.0625,6.978515625,6.54931640625,7.232421875
